Date,Value,Type,ShareCount,FXRate,Name,Currency
2010-01-18,-150,BUY,10.95100069098535,1.35,PFE,USD
2010-02-25,-89,BUY,2.296883900701778,1.35,K,USD
2010-03-03,-90,BUY,7.393821902202268,1.35,PFE,USD
2010-03-15,-66,BUY,1.1652542372881356,1.0,HUKX.L,GBP
2010-03-19,-52,BUY,0.6053289580156338,1.35,SPY,USD
2010-03-21,-34,BUY,10.29270375171986,1.0,BARC.L,GBP
2010-04-13,-22,BUY,0.559111457025517,1.35,K,USD
2010-04-14,-19,BUY,0.3916628620656916,1.35,JNJ,USD
2010-04-25,-12,BUY,0.2490774872688,1.35,JNJ,USD
2010-05-22,-10,BUY,2.872340542096911,1.35,PLUG,USD
2010-05-31,-12,BUY,0.2679457533131271,1.35,XOM,USD
2010-06-10,-10,BUY,3.6486486016267237,1.35,PLUG,USD
2010-06-10,-10,BUY,0.24848149355819615,1.35,K,USD
2010-06-18,-10,BUY,0.054199154767729595,1.35,GOOG,USD
2010-07-18,69,SELL,0.4068629837884052,1.35,GOOG,USD
2010-07-19,-12,BUY,1.1591853201382976,1.35,PFE,USD
2010-07-31,-15,BUY,4.402174004309572,1.35,PLUG,USD
2010-08-03,-10,BUY,0.22746420129878395,1.35,JNJ,USD
2010-08-26,-10,BUY,0.8949056518965492,1.35,PFE,USD
2010-08-29,-10,BUY,0.1263335197725261,1.35,SPY,USD
2010-08-30,-10,BUY,0.12819295710731257,1.35,SPY,USD
2010-08-29,34,SELL,0.7675585382207474,1.35,XOM,USD
2010-08-30,-10,BUY,0.23560209737783835,1.35,JNJ,USD
2010-09-15,-10,BUY,0.3294289934309572,1.35,JPM,USD
2010-10-04,-10,BUY,1.356589038824782,1.35,AAPL,USD
2010-10-05,-10,BUY,0.26658768093823476,1.35,K,USD
2010-10-14,68,SELL,0.340687662792307,1.35,GOOG,USD
2010-10-15,-10,BUY,3.798422115422512,1.0,BARC.L,GBP
2010-10-25,-11,BUY,0.4005934751079425,1.35,JPM,USD
2010-10-30,-14,BUY,0.06182448327211099,1.35,GOOG,USD
2010-11-02,-10,BUY,0.17158544955387783,1.0,HUKX.L,GBP
2010-11-02,-10,BUY,0.19899765225163868,1.35,XOM,USD
2010-11-03,-10,BUY,0.17152658662092626,1.0,HUKX.L,GBP
2010-11-06,15,SELL,0.06503456264670222,1.35,GOOG,USD
2010-11-07,-10,BUY,1.1919402814660458,1.35,AAPL,USD
2010-11-26,-10,BUY,0.1737619461337967,1.0,HUKX.L,GBP
2010-12-17,130,SELL,0.5963365455418204,1.35,GOOG,USD
2010-12-18,-13,BUY,0.22848588149755056,1.35,MCD,USD
2011-01-09,-34,BUY,0.3610193504825289,1.35,SPY,USD
2011-01-17,-17,BUY,0.36690647929540254,1.35,JNJ,USD
2011-01-19,-20,BUY,7.310823680259449,1.0,BARC.L,GBP
2011-01-31,-10,BUY,0.16732771379444267,1.35,XOM,USD
2011-03-09,-10,BUY,1.9565217120886307,1.35,PLUG,USD
2011-03-25,-10,BUY,0.25285634302924265,1.35,K,USD
2011-04-12,-10,BUY,0.2894511187106978,1.35,JPM,USD
2011-04-19,32,SELL,0.5155131077181246,1.35,XOM,USD
2011-04-20,-10,BUY,3.677141004913889,1.0,BARC.L,GBP
2011-05-18,-10,BUY,0.2361791468866004,1.35,K,USD
2011-05-30,-10,BUY,0.10111602543215428,1.35,SPY,USD
2011-06-02,144,SELL,0.7390397528745241,1.35,GOOG,USD
2011-06-03,-46,BUY,0.47615397080098115,1.35,SPY,USD
2011-06-08,-23,BUY,0.3874010442984673,1.0,HUKX.L,GBP
2011-06-16,-13,BUY,1.5112560332161642,1.35,AAPL,USD
2011-06-19,-22,BUY,0.3763900769888794,1.0,HUKX.L,GBP
2011-06-22,-10,BUY,0.05564814493918422,1.35,GOOG,USD
2011-07-02,-10,BUY,1.101206063761587,1.35,AAPL,USD
2011-07-10,-10,BUY,0.15771028318512612,1.35,MCD,USD
2011-08-03,-10,BUY,0.2483900713709875,1.35,K,USD
2011-08-07,92,SELL,0.4305938328731803,1.35,GOOG,USD
2011-08-08,-17,BUY,0.27950310351242047,1.35,MCD,USD
2011-08-20,-10,BUY,0.21381058173106784,1.35,JNJ,USD
2011-08-21,-16,BUY,0.24762122169840659,1.35,MCD,USD
2011-08-26,-16,BUY,0.08230255446612961,1.35,GOOG,USD
2011-08-27,-10,BUY,0.11443587234303446,1.35,SPY,USD
2011-09-03,-10,BUY,6.552968293856472,1.0,BARC.L,GBP
2011-09-04,-10,BUY,6.552968293856472,1.0,BARC.L,GBP
2011-09-18,-10,BUY,6.8877549679862256,1.35,PLUG,USD
2011-09-20,15,SELL,0.2736116662005462,1.35,XOM,USD
2011-09-21,-10,BUY,0.05026187147664245,1.35,GOOG,USD
2011-09-30,26,SELL,0.13681098297304217,1.35,GOOG,USD
2011-10-01,-10,BUY,0.18587361297696717,1.35,XOM,USD
2011-10-04,-10,BUY,1.0147651526311658,1.35,AAPL,USD
2011-10-13,-10,BUY,0.04848244663805148,1.35,GOOG,USD
2011-10-18,102,SELL,0.46812463020502476,1.35,GOOG,USD
2011-10-19,-25,BUY,0.4303200289261348,1.35,XOM,USD
2011-10-25,-13,BUY,0.14262494567040399,1.35,SPY,USD
2011-10-31,-10,BUY,0.1728774572044584,1.35,XOM,USD
2011-11-19,-541,BUY,14.79339711972965,1.35,K,USD
2011-11-30,-833,BUY,506.55404752584343,1.35,PLUG,USD
2011-12-11,-811,BUY,3.5030879296821107,1.35,GOOG,USD
2011-12-24,-492,BUY,5.255162617354987,1.35,SPY,USD
2012-01-06,-198,BUY,2.6570576943772197,1.35,MCD,USD
2012-01-06,-352,BUY,6.128133704735376,1.0,HUKX.L,GBP
2012-01-10,-311,BUY,1.3525811046088931,1.35,GOOG,USD
2012-01-12,-112,BUY,62.67543709095703,1.0,BARC.L,GBP
2012-01-20,-219,BUY,106.48037254669353,1.0,BARC.L,GBP
2012-02-11,-171,BUY,1.7181452735287834,1.35,SPY,USD
2012-02-17,-49,BUY,0.7725998350617984,1.35,XOM,USD
2012-03-02,-59,BUY,0.2573796236516142,1.35,GOOG,USD
2012-03-11,-406,BUY,182.59886236412117,1.0,BARC.L,GBP
2012-03-23,-751,BUY,7.259935870469976,1.35,SPY,USD
2012-03-24,-282,BUY,2.7261010858489123,1.35,SPY,USD
2012-04-08,-294,BUY,312.5196897329449,1.35,PLUG,USD
2012-04-11,-315,BUY,319.7368317882585,1.35,PLUG,USD
2012-04-19,-215,BUY,109.63179439058909,1.0,BARC.L,GBP
2012-04-21,-142,BUY,1.38963395607703,1.35,SPY,USD
2012-05-07,-139,BUY,0.6200423356910527,1.35,GOOG,USD
2012-05-14,-80,BUY,1.437685326624135,1.0,HUKX.L,GBP
2012-05-29,-152,BUY,2.5045770686642714,1.35,XOM,USD
2012-06-26,-106,BUY,1.7366504532776907,1.35,XOM,USD
2012-06-29,-68,BUY,4.20683468492643,1.35,PFE,USD
2012-07-08,-50,BUY,0.7959905373918592,1.35,XOM,USD
2012-07-27,-23,BUY,1.3733403387503835,1.35,PFE,USD
2012-08-02,-26,BUY,0.3917848134251461,1.35,MCD,USD
2012-08-04,-25,BUY,1.5348383458734662,1.35,AAPL,USD
2012-08-14,-13,BUY,0.19897959872151413,1.35,XOM,USD
2012-08-21,-10,BUY,0.19917380116748426,1.35,JNJ,USD
2012-09-11,-10,BUY,0.1506360141292773,1.35,XOM,USD
2012-10-27,-10,BUY,0.17035775127768313,1.0,HUKX.L,GBP
2012-11-09,-10,BUY,0.17152658662092626,1.0,HUKX.L,GBP
2012-11-15,167,SELL,0.6992400171621547,1.35,GOOG,USD
2012-11-16,-24,BUY,44.999998211860735,1.35,PLUG,USD
2012-11-26,-43,BUY,2.7571114960397956,1.35,AAPL,USD
2012-12-04,-27,BUY,0.8984471351783166,1.35,JPM,USD
2012-12-07,-21,BUY,0.6661183995588719,1.35,JPM,USD
2012-12-09,-13,BUY,0.12323572465906395,1.35,SPY,USD
2012-12-16,-10,BUY,0.565091363737614,1.35,PFE,USD
2012-12-19,-10,BUY,0.152645857387262,1.35,XOM,USD
2013-01-03,-10,BUY,0.09263707126733185,1.35,SPY,USD
2013-01-03,-10,BUY,0.6972883349637805,1.35,AAPL,USD
2013-01-10,124,SELL,0.4532218219831161,1.35,GOOG,USD
2013-01-11,-29,BUY,0.5411195691179398,1.35,JNJ,USD
2013-01-17,-16,BUY,0.29629629009448205,1.35,JNJ,USD
2013-02-05,-19,BUY,1.5686702380932942,1.35,AAPL,USD
2013-02-10,-10,BUY,0.08893280453622279,1.35,SPY,USD
2013-02-24,-10,BUY,0.14173228346456693,1.35,MCD,USD
2013-04-17,-424,BUY,1.468374242626483,1.35,GOOG,USD
2013-05-16,-162,BUY,14.090846769773455,1.35,AAPL,USD
2013-05-27,-224,BUY,4.692009531712595,1.35,K,USD
2013-06-12,-199,BUY,3.1079181633609245,1.0,HUKX.L,GBP
2013-07-08,-63,BUY,1.5548445852604704,1.35,JPM,USD
2013-07-17,-125,BUY,1.9118996635056593,1.0,HUKX.L,GBP
2013-07-23,-1131,BUY,17.151956323930847,1.0,HUKX.L,GBP
2013-07-31,-436,BUY,6.295187165775402,1.35,JNJ,USD
2013-08-09,-463,BUY,174.58054986786428,1.0,BARC.L,GBP
2013-08-11,-763,BUY,15.682856199969127,1.35,K,USD
2013-08-22,-266,BUY,0.8250930044850407,1.35,GOOG,USD
2013-09-27,-599,BUY,1155.2143053874681,1.35,PLUG,USD
2013-10-05,-389,BUY,6.083758130869042,1.35,XOM,USD
2013-10-11,-315,BUY,113.30935251798562,1.0,BARC.L,GBP
2013-10-12,-214,BUY,0.6651059547959741,1.35,GOOG,USD
2013-10-13,-142,BUY,51.07913669064749,1.0,BARC.L,GBP
2013-10-18,-70,BUY,3.2646017895039807,1.35,PFE,USD
2013-10-27,-197,BUY,0.5259000085993992,1.35,GOOG,USD
2013-11-08,-154,BUY,60.3211900349171,1.0,BARC.L,GBP
2013-11-18,-43,BUY,0.6081718371502689,1.35,XOM,USD
2013-11-28,-198,BUY,1.4758171775957298,1.35,SPY,USD
2013-11-30,-114,BUY,1.580568919162348,1.35,MCD,USD
2013-12-14,-149,BUY,59.256314101554665,1.0,BARC.L,GBP
2014-01-02,-55,BUY,20.291460054227954,1.0,BARC.L,GBP
2014-01-11,-133,BUY,6.166363612603223,1.35,PFE,USD
2014-01-15,-98,BUY,6.646332795053279,1.35,AAPL,USD
2014-02-03,-29,BUY,0.7208617015291311,1.35,JPM,USD
2014-02-24,-45,BUY,0.6546406750072739,1.0,HUKX.L,GBP
2014-02-24,-28,BUY,1.2454266934662455,1.35,PFE,USD
2014-03-02,-29,BUY,0.4114555898283615,1.35,MCD,USD
2014-03-02,-18,BUY,0.2553862281693278,1.35,MCD,USD
2014-03-02,-31,BUY,8.961455956380123,1.35,PLUG,USD
2014-03-15,-20,BUY,0.44334974258623944,1.35,K,USD
2014-03-26,-12,BUY,0.18120045300113252,1.0,HUKX.L,GBP
2014-04-23,-10,BUY,0.025689953491084,1.35,GOOG,USD
2014-05-01,-11,BUY,3.1663112620090015,1.35,PLUG,USD
2014-05-06,-10,BUY,0.13566475439844056,1.35,JNJ,USD
2014-05-13,-10,BUY,0.4872945136089714,1.35,PFE,USD
2014-06-06,189,SELL,0.4598898520278541,1.35,GOOG,USD
2014-06-07,-30,BUY,0.20728835596197065,1.35,SPY,USD
2014-06-08,-20,BUY,6.15034187270142,1.35,PLUG,USD
2014-06-13,-17,BUY,0.11821974667879845,1.35,SPY,USD
2014-06-17,-17,BUY,7.188160676532769,1.0,BARC.L,GBP
2014-06-20,-22,BUY,0.4417013822661504,1.35,K,USD
2014-07-05,-25,BUY,0.05787741367843747,1.35,GOOG,USD
2014-07-10,-18,BUY,0.4373649999886713,1.35,JPM,USD
2014-07-17,-10,BUY,0.5800838127009386,1.35,AAPL,USD
2014-07-22,-10,BUY,0.5701013440041756,1.35,AAPL,USD
2014-08-05,-10,BUY,2.561669838493354,1.35,PLUG,USD
2014-08-07,-10,BUY,0.13509456578377274,1.35,JNJ,USD
2014-08-29,19,SELL,0.2736875764608272,1.35,MCD,USD
2014-08-30,-10,BUY,4.455335324556046,1.0,BARC.L,GBP
2014-09-16,-10,BUY,0.47351083736812927,1.35,PFE,USD
2014-09-24,148,SELL,0.34073463886808,1.35,GOOG,USD
2014-09-25,-17,BUY,0.3720817102212982,1.35,K,USD
2014-09-26,-37,BUY,0.8248018307018999,1.35,JPM,USD
2014-09-29,-13,BUY,3.926174680927121,1.35,PLUG,USD
2014-10-10,-24,BUY,0.35102924083146014,1.35,MCD,USD
2014-11-12,-14,BUY,6.1002178649237475,1.0,BARC.L,GBP
2014-12-03,-14,BUY,0.19790575916230368,1.35,MCD,USD
2014-12-10,-10,BUY,0.15224991856070744,1.35,XOM,USD
2014-12-12,-10,BUY,0.1574555188159345,1.0,HUKX.L,GBP
2015-01-15,-10,BUY,5.29411774605616,1.35,PLUG,USD
2015-02-18,-183,BUY,1.1757007293545605,1.35,SPY,USD
2015-02-19,-97,BUY,41.703820262769156,1.35,PLUG,USD
2015-02-27,-67,BUY,1.4760117787495464,1.35,JPM,USD
2015-02-28,-98,BUY,38.147139870890086,1.0,BARC.L,GBP
2015-03-01,-74,BUY,0.1793951977777622,1.35,GOOG,USD
2015-03-04,-81,BUY,37.32081826230942,1.35,PLUG,USD
2015-04-02,-34,BUY,0.08594480063084994,1.35,GOOG,USD
2015-04-07,-44,BUY,0.6165023449995632,1.35,MCD,USD
2015-04-14,-46,BUY,0.9850888181809051,1.35,JPM,USD
2015-04-26,-42,BUY,0.6519489387623767,1.35,XOM,USD
2015-04-29,-16,BUY,0.3408015089300208,1.35,K,USD
2015-05-18,-25,BUY,0.158376344595718,1.35,SPY,USD
2015-05-31,-10,BUY,0.13481126505175023,1.35,JNJ,USD
2015-06-20,-11,BUY,0.46919431845129317,1.35,AAPL,USD
2015-06-30,-10,BUY,0.19923257931513128,1.35,JPM,USD
2015-07-14,-10,BUY,0.21054272335818996,1.35,K,USD
2015-08-07,-10,BUY,0.19838353261692146,1.35,JPM,USD
2015-08-18,115,SELL,0.7393561441988296,1.35,SPY,USD
2015-08-19,-35,BUY,0.22681450815457438,1.35,SPY,USD
2015-09-02,-23,BUY,0.15889667580012792,1.35,SPY,USD
2015-09-02,-10,BUY,3.9401102757121267,1.0,BARC.L,GBP
2015-09-29,-12,BUY,0.5941683609995082,1.35,AAPL,USD
2015-10-01,-13,BUY,9.335106406655989,1.35,PLUG,USD
2015-10-07,-10,BUY,0.15766653527788727,1.0,HUKX.L,GBP
2015-11-04,-10,BUY,0.06417569861585026,1.35,SPY,USD
2015-11-22,297,SELL,0.5299365753871328,1.35,GOOG,USD
2015-11-23,-33,BUY,1.4987456291187862,1.35,PFE,USD
2015-11-26,-75,BUY,1.2461538461538462,1.35,XOM,USD
2015-12-05,-20,BUY,0.3194888178913738,1.0,HUKX.L,GBP
2015-12-22,-27,BUY,0.4694140281227436,1.35,XOM,USD
2016-01-06,-36,BUY,0.06535596180726838,1.35,GOOG,USD
2016-01-07,-19,BUY,9.243492930143995,1.0,BARC.L,GBP
2016-01-13,-26,BUY,1.2181561007796726,1.35,PFE,USD
2016-01-18,-20,BUY,0.23441569654855018,1.35,MCD,USD
2016-02-04,-15,BUY,0.2819156269497017,1.35,K,USD
2016-02-11,-10,BUY,0.5763073826974446,1.35,AAPL,USD
2016-02-13,-10,BUY,0.23482344070023747,1.35,JPM,USD
2016-02-19,-10,BUY,0.1693623507494284,1.0,HUKX.L,GBP
2016-03-24,18,SELL,0.408540689089023,1.35,JPM,USD
2016-03-25,-10,BUY,0.17895015327558297,1.35,K,USD
2016-04-08,-10,BUY,6.75,1.35,PLUG,USD
2016-04-12,239,SELL,0.4342004176335898,1.35,GOOG,USD
2016-04-13,-64,BUY,1.006685017695635,1.0,HUKX.L,GBP
2016-04-26,-39,BUY,0.8235570115543618,1.35,JPM,USD
2016-04-28,-29,BUY,0.18872017631201865,1.35,SPY,USD
2016-05-14,-17,BUY,0.2588540384846402,1.35,XOM,USD
2016-05-15,-23,BUY,0.1516409495652892,1.35,SPY,USD
2016-05-19,-10,BUY,0.17942584241487178,1.35,K,USD
2016-05-22,-10,BUY,0.15043459239316873,1.35,XOM,USD
2016-06-06,-15,BUY,0.2368171771392485,1.0,HUKX.L,GBP
2016-06-22,-10,BUY,0.06487265547356433,1.35,SPY,USD
2016-06-26,-10,BUY,0.22651007291320374,1.35,JPM,USD
2016-07-30,-10,BUY,0.10780164208350274,1.35,JNJ,USD
2016-07-31,321,SELL,0.5636780035972151,1.35,GOOG,USD
2016-08-01,-52,BUY,0.8522520050894739,1.35,K,USD
2016-08-10,-63,BUY,0.9279717189571365,1.0,HUKX.L,GBP
2016-08-19,-441,BUY,5.1765062945986395,1.35,MCD,USD
2016-08-28,-307,BUY,6.258683061914921,1.35,JPM,USD
2016-09-02,-753,BUY,30.815178438549513,1.35,PFE,USD
2016-09-03,-1013,BUY,1.7726777293049045,1.35,GOOG,USD
2016-09-08,-540,BUY,27.634572524331173,1.35,AAPL,USD
2016-09-17,-445,BUY,5.0803382663847785,1.35,JNJ,USD
2016-09-27,-182,BUY,2.685554079976391,1.0,HUKX.L,GBP
2016-09-30,-368,BUY,2.2968099537248836,1.35,SPY,USD
2016-10-01,-134,BUY,6.400707478696073,1.35,AAPL,USD
2016-10-04,-160,BUY,3.2432433175494984,1.35,JPM,USD
2016-10-07,-87,BUY,1.7244163698061927,1.35,JPM,USD
2016-10-09,-150,BUY,2.6526068864833188,1.35,K,USD
2016-10-23,-50,BUY,0.592469058362089,1.35,MCD,USD
2016-10-28,-52,BUY,0.6086881027092587,1.35,JNJ,USD
2016-10-30,-35,BUY,0.409693915285078,1.35,JNJ,USD
2016-10-30,-61,BUY,2.718349403818951,1.35,PFE,USD
2016-11-01,-24,BUY,0.041347099457217755,1.35,GOOG,USD
2016-11-17,-26,BUY,0.3011066319970014,1.35,JNJ,USD
2016-12-11,-17,BUY,0.25786516853932584,1.35,XOM,USD
2017-01-01,-31,BUY,0.48499246211584357,1.35,JPM,USD
2017-01-20,-139,BUY,0.8275998741018706,1.35,SPY,USD
2017-02-04,-93,BUY,1.010544125553406,1.35,MCD,USD
2017-02-07,-112,BUY,168.00000445048028,1.35,PLUG,USD
2017-02-09,-37,BUY,0.5728211209645795,1.35,JPM,USD
2017-02-16,-23,BUY,0.03767472458232915,1.35,GOOG,USD
2017-02-20,-46,BUY,0.6882411358707771,1.35,JPM,USD
2017-03-02,-28,BUY,0.30575103809569126,1.35,JNJ,USD
2017-03-31,-40,BUY,1.663724036515066,1.35,PFE,USD
2017-03-31,-24,BUY,0.13743954884627985,1.35,SPY,USD
2017-03-31,-18,BUY,0.29630532090017736,1.35,XOM,USD
2017-04-09,-16,BUY,0.6027626776013874,1.35,AAPL,USD
2017-05-19,-406,BUY,2.2999454727669897,1.35,SPY,USD
2017-05-27,-400,BUY,3.6033631242538484,1.35,MCD,USD
2017-05-29,-119,BUY,1.2657579760295625,1.35,JNJ,USD
2017-06-18,-1456,BUY,19.28349115952586,1.0,HUKX.L,GBP
2017-06-26,-1001,BUY,619.8853021184366,1.35,PLUG,USD
2017-07-21,-605,BUY,21.740865822273243,1.35,AAPL,USD
2017-07-29,-608,BUY,12.1330374203467,1.35,K,USD
2017-08-18,-174,BUY,2.3789991796554553,1.0,HUKX.L,GBP
2017-08-22,-404,BUY,13.653774043479816,1.35,AAPL,USD
2017-08-23,-252,BUY,1.391069690039934,1.35,SPY,USD
2017-08-28,-140,BUY,2.471557434065151,1.35,XOM,USD
2017-08-29,-70,BUY,0.38595057236816277,1.35,SPY,USD
2017-08-30,-81,BUY,1.436925127366278,1.35,XOM,USD
2017-10-11,-64,BUY,33.6134464556733,1.0,BARC.L,GBP
2017-10-26,-77,BUY,1.0310658810926618,1.0,HUKX.L,GBP
2017-10-27,-84,BUY,1.8818453892899936,1.35,K,USD
2017-11-06,-67,BUY,0.08816648586362989,1.35,GOOG,USD
2017-12-01,-32,BUY,0.30861552592190156,1.35,JNJ,USD
2017-12-31,-17,BUY,0.21460631640227043,1.35,JPM,USD
2018-02-05,-16,BUY,0.22032497934453318,1.0,HUKX.L,GBP
2018-02-22,-26,BUY,0.3593393683919563,1.0,HUKX.L,GBP
2018-03-10,-21,BUY,14.613401630832191,1.35,PLUG,USD
2018-03-21,-14,BUY,0.0698886976736313,1.35,SPY,USD
2018-03-30,-14,BUY,10.000000075688439,1.35,PLUG,USD
2018-04-02,-927,BUY,4.860566256521892,1.35,SPY,USD
2018-04-13,-1170,BUY,45.83681330122537,1.35,PFE,USD
2018-05-03,-697,BUY,8.774244859602847,1.35,JPM,USD
2018-05-24,-238,BUY,0.2977095019711273,1.35,GOOG,USD
2018-05-26,-274,BUY,3.516652762625938,1.0,HUKX.L,GBP
2018-06-03,-251,BUY,3.2374564684638205,1.0,HUKX.L,GBP
2018-06-26,-375,BUY,14.667056283926653,1.35,PFE,USD
2018-07-19,-831,BUY,555.3712923727063,1.35,PLUG,USD
2018-07-22,-775,BUY,414.92665438752687,1.0,BARC.L,GBP
2018-07-25,-1023,BUY,11.990362878458342,1.35,JPM,USD
2018-08-06,-402,BUY,6.768520802374799,1.35,XOM,USD
2018-08-15,-654,BUY,7.765171712378395,1.35,JPM,USD
2018-09-14,-316,BUY,2.6523253526057298,1.35,MCD,USD
2018-09-14,-282,BUY,9.340265169052923,1.35,PFE,USD
2018-09-23,-187,BUY,2.5011703337122984,1.0,HUKX.L,GBP
2018-09-24,-153,BUY,109.86702155525894,1.35,PLUG,USD
2018-09-26,-117,BUY,0.13380037213923393,1.35,GOOG,USD
2018-09-28,-301,BUY,4.000265798391919,1.0,HUKX.L,GBP
2018-10-02,-76,BUY,1.0151606224537502,1.0,HUKX.L,GBP
2018-10-08,-151,BUY,109.59677335064818,1.35,PLUG,USD
2018-10-16,-60,BUY,0.493691694911282,1.35,MCD,USD
2018-11-07,-93,BUY,65.05181523943186,1.35,PLUG,USD
2018-11-12,-88,BUY,2.838703312106892,1.35,PFE,USD
2018-11-17,-68,BUY,1.1626139952432233,1.35,XOM,USD
2018-11-17,-65,BUY,2.125683787762591,1.35,PFE,USD
2018-11-19,-21,BUY,0.6101366600000115,1.35,AAPL,USD
2018-11-21,-23,BUY,0.02992453854371848,1.35,GOOG,USD
2018-11-30,-26,BUY,15.962671427168889,1.0,BARC.L,GBP
2018-12-06,-14,BUY,0.0700415070282377,1.35,SPY,USD
2018-12-11,-13,BUY,0.0166864749227478,1.35,GOOG,USD
2019-01-31,-11,BUY,0.08306298300366509,1.35,MCD,USD
2019-02-22,-11,BUY,8.25000021855037,1.35,PLUG,USD
2019-03-05,-10,BUY,0.1296705400139793,1.35,JPM,USD
2019-04-05,-10,BUY,0.04678240862652183,1.35,SPY,USD
2019-05-16,-10,BUY,6.223550196556155,1.0,BARC.L,GBP
2019-06-03,23,SELL,0.5771375546528069,1.35,K,USD
2019-06-04,-10,BUY,0.06762510479286327,1.35,MCD,USD
2019-07-16,-10,BUY,0.2444766334945058,1.35,K,USD
2019-07-27,144,SELL,0.6436872743087695,1.35,SPY,USD
2019-07-28,-44,BUY,27.486256557166175,1.0,BARC.L,GBP
2019-08-11,-14,BUY,0.5480219915748,1.35,PFE,USD
2019-09-10,-10,BUY,0.01119402985074627,1.35,GOOG,USD
2019-10-12,-14,BUY,0.16273463147344014,1.35,JPM,USD
2019-10-16,-10,BUY,0.39155203437126695,1.35,PFE,USD
2019-10-18,-14,BUY,0.015174750618785319,1.35,GOOG,USD
2019-10-26,-10,BUY,0.21899586178524863,1.35,AAPL,USD
2019-10-28,-10,BUY,0.19667832342719876,1.35,XOM,USD
2019-10-30,-10,BUY,0.19935026220691837,1.35,XOM,USD
2019-11-15,-10,BUY,0.13674278681799537,1.0,HUKX.L,GBP
2019-11-17,498,SELL,0.5036445514987992,1.35,GOOG,USD
2019-11-18,-51,BUY,18.36,1.35,PLUG,USD
2019-11-26,-65,BUY,1.2765493559354617,1.35,XOM,USD
2019-12-04,-110,BUY,2.269427760993278,1.35,AAPL,USD
2019-12-25,-38,BUY,0.7218489743218409,1.35,AAPL,USD
2020-01-07,-64,BUY,1.2291933258591536,1.35,XOM,USD
2020-01-08,-29,BUY,0.5165077962300691,1.35,AAPL,USD
2020-01-09,-41,BUY,0.7934346087305163,1.35,XOM,USD
2020-01-10,-30,BUY,0.12434374462714558,1.35,SPY,USD
2020-01-20,-10,BUY,3.2374100127110834,1.35,PLUG,USD
2020-01-27,-15,BUY,0.1533742345468788,1.35,JPM,USD
2020-01-27,-13,BUY,0.4606001021391658,1.35,PFE,USD
2020-02-01,-10,BUY,0.2173213173233131,1.35,XOM,USD
2020-02-02,-10,BUY,0.04196064880181066,1.35,SPY,USD
2020-02-17,-10,BUY,0.03998815093581664,1.35,SPY,USD
2020-03-01,-473,BUY,0.47676825050714144,1.35,GOOG,USD
2020-03-11,-319,BUY,10.258456519674816,1.35,XOM,USD
2020-03-19,-166,BUY,3.6620639123714884,1.35,AAPL,USD
2020-04-04,-93,BUY,37.477613007207076,1.35,PLUG,USD
2020-04-12,-152,BUY,155.76962200017732,1.0,BARC.L,GBP
2020-04-14,-142,BUY,1.0419044202220127,1.35,MCD,USD
2020-05-14,-52,BUY,1.951234151697316,1.35,PFE,USD
2020-05-26,-38,BUY,0.6254629248621513,1.0,HUKX.L,GBP
2020-06-01,-45,BUY,0.7550100835537802,1.35,AAPL,USD
2020-06-03,-59,BUY,0.055451899726561754,1.35,GOOG,USD
2020-06-07,-22,BUY,0.20162932372488893,1.35,JNJ,USD
2020-06-08,-47,BUY,0.7251967288998611,1.0,HUKX.L,GBP
2020-06-10,-21,BUY,0.4261876342556162,1.35,K,USD
2020-06-30,-12,BUY,0.08781915700546909,1.35,MCD,USD
2020-07-21,-16,BUY,0.25451364034041196,1.0,HUKX.L,GBP
2020-07-23,-16,BUY,0.014251028735989053,1.35,GOOG,USD
2020-07-29,-411,BUY,391.35404031374526,1.0,BARC.L,GBP
2020-08-25,-428,BUY,1.679065466112292,1.35,SPY,USD
2020-08-30,-410,BUY,6.927430936892794,1.0,HUKX.L,GBP
2020-10-02,-249,BUY,3.4339565031762262,1.35,JPM,USD
2020-10-18,-178,BUY,0.152764444287169,1.35,GOOG,USD
2020-10-27,-173,BUY,15.791075091438927,1.35,PLUG,USD
2020-11-11,-162,BUY,1.8302787171302801,1.35,AAPL,USD
2020-11-24,-207,BUY,2.426413166995704,1.35,AAPL,USD
2021-01-15,-59,BUY,0.8749814622571555,1.0,HUKX.L,GBP
2021-01-24,-856,BUY,24.36432621894577,1.35,XOM,USD
2021-01-28,-668,BUY,10.383150695577836,1.0,HUKX.L,GBP
2021-01-28,-476,BUY,3.7987703126536276,1.35,JNJ,USD
2021-02-03,-239,BUY,3.7241916634203354,1.0,HUKX.L,GBP
2021-02-13,-569,BUY,22.124135166849054,1.35,PFE,USD
2021-02-24,-526,BUY,5.664938242074271,1.35,AAPL,USD
2021-02-25,-464,BUY,5.177287470533757,1.35,AAPL,USD
2021-02-25,-320,BUY,12.773506915971762,1.35,PFE,USD
2021-03-01,-301,BUY,1.0430463935667897,1.35,SPY,USD
2021-03-04,-503,BUY,301.81206585102126,1.0,BARC.L,GBP
2021-04-10,-406,BUY,4.121052631578947,1.35,AAPL,USD
2021-05-12,-770,BUY,4.560410585532092,1.35,MCD,USD
2021-05-12,-701,BUY,2.33430352347383,1.35,SPY,USD
2021-05-15,-266,BUY,1.549715165321327,1.35,MCD,USD
2021-05-19,-345,BUY,3.7352633802286044,1.35,AAPL,USD
2021-05-29,-217,BUY,1.7308714918759232,1.35,JNJ,USD
2021-05-30,-360,BUY,3.9001685066971037,1.35,AAPL,USD
2021-06-13,-198,BUY,1.1281813542525094,1.35,MCD,USD
2021-07-09,-92,BUY,0.2851763481195833,1.35,SPY,USD
2021-07-20,-153,BUY,0.47916763598998485,1.35,SPY,USD
2021-07-27,-115,BUY,2.6845926869162025,1.35,XOM,USD
2021-07-30,-86,BUY,4.255864995517941,1.35,PLUG,USD
2021-08-05,-60,BUY,33.38526574252449,1.0,BARC.L,GBP
2021-08-08,-37,BUY,0.3417955399522064,1.35,AAPL,USD
2021-10-02,-45,BUY,0.42586752610788015,1.35,AAPL,USD
2021-10-16,-26,BUY,0.07872249845108933,1.35,SPY,USD
2021-10-18,-37,BUY,18.550084605721427,1.0,BARC.L,GBP
2021-10-28,-15,BUY,0.13272595548198252,1.35,AAPL,USD
2021-11-10,-15,BUY,0.07999841824115167,1.35,MCD,USD
2021-11-30,-17,BUY,0.3835227262947707,1.35,XOM,USD
2021-12-07,-10,BUY,5.3556126470779075,1.0,BARC.L,GBP
2021-12-24,-10,BUY,0.13612850530901172,1.0,HUKX.L,GBP
2021-12-27,-10,BUY,0.45608107520334046,1.35,PLUG,USD
2021-12-28,-10,BUY,0.21110242125006468,1.35,K,USD
2021-12-28,0,BUY,0.0,1.35,XOM,USD
